id;title;event_description;event_image;category;creation_date;event_date;max_number_volunteers;nbr_reports;link;location
1;Tasty Plastic Tuna cross-platform connect;Concrete portals;CFA Franc BEAC bluetooth Missouri;deposit SDD Sao Tome and Principe;2020-10-19T08:25:43;2020-10-18T15:55:36;62449;86647;out-of-the-box Mouse Bedfordshire;Israel Estonia
2;monetize;Home Loan Account;copying;New Zealand Dollar;2020-10-18T13:02:51;2020-10-19T04:08:19;22896;90812;Car connecting radical;transmitting
3;upward-trending hack;portals Checking Account Handmade Metal Towels;Legacy Auto Loan Account;empowering;2020-10-19T09:56:27;2020-10-19T04:58:02;29374;96752;Paradigm RSS withdrawal;withdrawal Bedfordshire
4;sexy;Rustic;Borders Montana mint green;Down-sized lavender;2020-10-18T22:58:53;2020-10-18T20:57:03;68367;78165;transitional;sticky
5;Team-oriented;Handcrafted PCI;Cuban Peso Peso Convertible Rustic;Cordoba Oro Table back up;2020-10-18T20:47:37;2020-10-19T04:49:05;63235;81029;function;THX Buckinghamshire
6;Indiana;Steel Movies Avon;interactive Towels;Sleek;2020-10-19T00:52:12;2020-10-19T03:38:39;49120;46613;Producer benchmark;deposit bypass
7;Incredible Rubber Keyboard Future;lavender Montserrat;SSL calculating Rubber;maximize;2020-10-18T15:53:52;2020-10-18T15:11:36;35825;4517;Dynamic Principal;Plastic Solomon Islands Dollar orchid
8;Salad;backing up Belarus Borders;salmon;Fantastic Concrete Chicken Analyst;2020-10-18T14:16:11;2020-10-18T22:00:29;60892;20900;indigo;Concrete
9;Cheese JBOD olive;Checking Account Dominica local;Cove;black panel;2020-10-18T19:13:00;2020-10-19T11:17:41;652;96129;Home model;Sleek Wooden Ball Architect Alaska
10;navigate;Small;Kina full-range asynchronous;payment Saudi Arabia;2020-10-18T12:44:29;2020-10-19T00:15:05;87404;1724;Music SSL Avon;Avon invoice invoice
